{
  "accuracy": 0.8261183500289917,
  "loss": 0.4223260283470154,
  "val_accuracy": 0.8112391829490662,
  "val_loss": 0.4885774850845337,
  "epoch": 9,
  "global_step": 870
}