{
  "accuracy": 0.8261303305625916,
  "loss": 0.45097461342811584,
  "val_accuracy": 0.7915006875991821,
  "val_loss": 0.49727287888526917,
  "epoch": 9,
  "global_step": 940
}