{
  "accuracy": 0.7128085494041443,
  "loss": 0.7369518280029297,
  "val_accuracy": 0.765333354473114,
  "val_loss": 0.643251895904541,
  "epoch": 2,
  "global_step": 282
}