{
  "accuracy": 0.3478836119174957,
  "loss": 1.206985592842102,
  "val_accuracy": 0.3870541751384735,
  "val_loss": 1.0988383293151855,
  "epoch": 3,
  "global_step": 380
}