{
  "accuracy": 0.9090599417686462,
  "loss": 0.28954529762268066,
  "val_accuracy": 0.8010899424552917,
  "val_loss": 0.7334161400794983,
  "epoch": 6,
  "global_step": 644
}