{
  "accuracy": 0.8981481194496155,
  "loss": 0.28548336029052734,
  "val_accuracy": 0.817808210849762,
  "val_loss": 0.7358824610710144,
  "epoch": 10,
  "global_step": 1012
}