{
  "accuracy": 0.8525870442390442,
  "loss": 0.42182591557502747,
  "val_accuracy": 0.7997398972511292,
  "val_loss": 0.574175238609314,
  "epoch": 6,
  "global_step": 679
}