{
  "accuracy": 0.7718933820724487,
  "loss": 0.5701608061790466,
  "val_accuracy": 0.7538036108016968,
  "val_loss": 0.7284373641014099,
  "epoch": 7,
  "global_step": 728
}