{
  "accuracy": 0.8360186219215393,
  "loss": 0.45918989181518555,
  "val_accuracy": 0.7324749827384949,
  "val_loss": 0.6807659268379211,
  "epoch": 10,
  "global_step": 968
}