{
  "accuracy": 0.8301701545715332,
  "loss": 0.47638171911239624,
  "val_accuracy": 0.8222222328186035,
  "val_loss": 0.5224149823188782,
  "epoch": 4,
  "global_step": 480
}