{
  "accuracy": 0.85709547996521,
  "loss": 0.3903747498989105,
  "val_accuracy": 0.8010610342025757,
  "val_loss": 0.6912208199501038,
  "epoch": 8,
  "global_step": 855
}