{
  "accuracy": 0.7963770627975464,
  "loss": 0.5494115352630615,
  "val_accuracy": 0.7908847332000732,
  "val_loss": 0.6168487668037415,
  "epoch": 5,
  "global_step": 564
}