{
  "accuracy": 0.6857707500457764,
  "loss": 0.7904492616653442,
  "val_accuracy": 0.7667984366416931,
  "val_loss": 0.6165856122970581,
  "epoch": 7,
  "global_step": 760
}