{
  "accuracy": 0.8579469919204712,
  "loss": 0.41897210478782654,
  "val_accuracy": 0.8082010746002197,
  "val_loss": 0.5148707628250122,
  "epoch": 4,
  "global_step": 475
}