{
  "accuracy": 0.814928412437439,
  "loss": 0.4735458493232727,
  "val_accuracy": 0.7656675577163696,
  "val_loss": 0.8463441729545593,
  "epoch": 8,
  "global_step": 828
}