{
  "accuracy": 0.8170573115348816,
  "loss": 0.52737957239151,
  "val_accuracy": 0.8255208134651184,
  "val_loss": 0.48877882957458496,
  "epoch": 4,
  "global_step": 480
}