{
  "accuracy": 0.8432115912437439,
  "loss": 0.43708208203315735,
  "val_accuracy": 0.7782369256019592,
  "val_loss": 0.5791159272193909,
  "epoch": 6,
  "global_step": 637
}