{
  "accuracy": 0.8976637125015259,
  "loss": 0.3056448996067047,
  "val_accuracy": 0.8065789341926575,
  "val_loss": 0.6414129734039307,
  "epoch": 6,
  "global_step": 665
}