{
  "accuracy": 0.8800128102302551,
  "loss": 0.34809648990631104,
  "val_accuracy": 0.7666666507720947,
  "val_loss": 0.774117112159729,
  "epoch": 8,
  "global_step": 882
}